,City,Country,Date,Latitude,Longtitude,Max Temperature,Humidity,Cloudiness,Wind Speed
0,busselton,AU,1635620025,-33.65,115.3333,44.04,90,75,6.29
1,svetlyy,RU,1635620026,54.675,20.1347,50.05,61,4,13.24
3,cervo,ES,1635620026,43.6702,-7.4101,63.19,79,9,6.93
4,ushuaia,AR,1635619890,-54.8,-68.3,49.66,53,0,18.41
5,rikitea,PF,1635619941,-23.1203,-134.9692,74.97,85,100,20.74
6,cidreira,BR,1635620027,-30.1811,-50.2056,70.27,81,45,22.79
8,atuona,PF,1635620027,-9.8,-139.0333,77.76,67,6,19.1
9,hamilton,US,1635619830,39.1834,-84.5333,58.59,95,100,1.99
10,san patricio,US,1635620028,28.017,-97.5169,84.02,17,0,3.06
11,bria,CF,1635620028,6.5423,21.9863,72,83,100,1.21
12,mar del plata,AR,1635619751,-38.0023,-57.5575,64.87,82,97,21
13,clyde river,CA,1635620028,70.4692,-68.5914,30.22,98,100,14.54
14,geraldton,AU,1635620029,-28.7667,114.6,54.01,82,0,8.05
15,airai,TL,1635620029,-8.9266,125.4092,62.01,91,36,1.16
16,necochea,AR,1635620029,-38.5473,-58.7368,61.03,74,100,22.5
17,isangel,VU,1635620030,-19.55,169.2667,75.36,81,0,4.63
18,the pas,CA,1635620030,53.8251,-101.2541,37.67,61,100,13
19,albany,US,1635620028,42.6001,-73.9662,58.32,93,100,5.01
20,cabras,IT,1635620030,39.93,8.5314,60.08,84,100,7.23
21,nanortalik,GL,1635620031,60.1432,-45.2371,34.21,74,17,3.83
22,longyearbyen,SJ,1635620031,78.2186,15.6401,17.19,83,97,3.74
23,tasiilaq,GL,1635620031,65.6145,-37.6368,16.41,63,91,6.33
24,margate,GB,1635620032,51.3813,1.3862,53.31,80,100,1.01
25,cape town,ZA,1635619881,-33.9258,18.4232,63.1,80,0,3
26,buala,SB,1635620032,-8.145,159.5921,79.65,83,95,8.23
27,xam nua,LA,1635620032,20.4197,104.0439,63.66,99,100,1.77
28,punta arenas,CL,1635620023,-53.15,-70.9167,53.11,40,100,6.71
29,maumere,ID,1635620033,-8.6199,122.2111,79.75,81,99,1.12
30,lagunas,PE,1635620033,-5.2269,-75.6753,93.72,44,73,2.73
31,guerrero negro,MX,1635619937,27.9769,-114.0611,75.36,51,0,9.33
34,karwar,IN,1635620034,14.8,74.1333,78.75,85,99,3.65
35,mount gambier,AU,1635619815,-37.8333,140.7667,40.91,100,40,1.14
36,brae,GB,1635620034,60.3964,-1.353,48.11,90,100,14.65
37,calama,CL,1635620034,-22.4667,-68.9333,77.36,7,0,18.28
38,new norfolk,AU,1635620035,-42.7826,147.0587,51.93,59,80,5.01
39,qaanaaq,GL,1635620035,77.484,-69.3632,2.28,52,0,8.21
41,shingu,JP,1635620035,33.7333,135.9833,59.25,84,48,6.49
42,saint-augustin,CA,1635620036,51.226,-58.6502,51.66,42,7,6.58
43,saldanha,ZA,1635620036,-33.0117,17.9442,61.97,86,96,14.99
44,norman wells,CA,1635620036,65.282,-126.8329,15.84,92,75,4.61
45,ostrovnoy,RU,1635620037,68.0531,39.5131,33.75,87,100,11.86
46,piacabucu,BR,1635620037,-10.4056,-36.4344,80.42,68,11,10.6
47,kodiak,US,1635620037,57.79,-152.4072,45.91,93,90,29.93
48,hobart,AU,1635619934,-42.8794,147.3294,52.27,67,75,4
49,xingcheng,CN,1635620038,40.6167,120.7167,48.92,80,96,16.6
50,malpe,IN,1635620038,13.35,74.7167,79.9,91,100,3.53
51,kahului,US,1635620038,20.8947,-156.47,78.84,75,1,3.15
52,half moon bay,US,1635620039,37.4636,-122.4286,68.7,86,90,1.99
53,vaini,TO,1635620039,-21.2,-175.2,75.34,74,5,14.23
54,buraydah,SA,1635620039,26.326,43.975,76.5,26,1,12.75
55,aklavik,CA,1635620040,68.2191,-135.0107,17.6,86,75,5.75
57,kushmurun,KZ,1635620040,52.4503,64.6311,42.03,71,100,22.35
58,bubaque,GW,1635620040,11.2833,-15.8333,78.69,79,100,6.02
59,anadyr,RU,1635620041,64.75,177.4833,5,92,100,17
60,leningradskiy,RU,1635620041,69.3833,178.4167,-2.29,96,98,5.99
61,arraial do cabo,BR,1635620042,-22.9661,-42.0278,73.36,83,75,11.5
62,verkhnyaya balkariya,RU,1635620042,43.1279,43.4573,37.89,87,36,6.55
63,san vicente,AR,1635619940,-26.6167,-54.1333,74.08,72,100,5.61
64,katsuura,JP,1635620043,35.1333,140.3,57.31,62,100,2.57
65,mataura,NZ,1635620043,-46.1927,168.8643,51.33,63,100,4.54
66,ugoofaaru,MV,1635620043,5.6667,73,81.34,75,15,8.68
68,hualmay,PE,1635620044,-11.0964,-77.6139,68.56,70,86,8.39
69,port blair,IN,1635620044,11.6667,92.75,80.55,80,97,1.79
70,thompson,CA,1635620044,55.7435,-97.8558,37.56,75,75,9.22
71,port alfred,ZA,1635620045,-33.5906,26.891,63.48,91,57,7.83
72,luderitz,NA,1635620045,-26.6481,15.1594,60.1,90,7,5.57
73,mareeba,AU,1635620045,-17,145.4333,68.72,95,54,2.06
74,letka,RU,1635620046,59.6011,49.4232,39.16,100,100,4.88
75,olafsvik,IS,1635620046,64.8945,-23.7142,43.16,87,72,17.02
76,cherskiy,RU,1635620046,68.75,161.3,-1.23,98,100,5.44
77,tarrafal,CV,1635620046,15.2833,-23.7667,79.03,78,100,17.74
78,muisne,EC,1635619797,0.6,-80.0333,82.51,72,26,10.11
79,menongue,AO,1635619780,-14.6585,17.691,72.39,61,94,3.47
81,kununurra,AU,1635620047,-15.7667,128.7333,80.58,74,84,3.44
82,qasigiannguit,GL,1635620047,68.8193,-51.1922,28.18,84,100,6.69
83,toora-khem,RU,1635620048,52.4675,96.11,28.87,78,100,3.36
84,urumqi,CN,1635620048,43.801,87.6005,43.75,61,0,6.71
85,khetia,IN,1635620048,21.6667,74.5833,71.11,45,100,4.25
86,lavrentiya,RU,1635620049,65.5833,-171,10.78,78,62,6.33
87,bluff,NZ,1635620049,-46.6,168.3333,54.09,65,80,18.5
88,kruisfontein,ZA,1635619933,-34.0033,24.7314,58.89,93,0,2.35
89,kavieng,PG,1635620050,-2.5744,150.7967,82.47,77,34,11.36
91,puerto ayora,EC,1635620050,-0.7393,-90.3518,72.55,80,83,9.31
92,lesnyye polyany,RU,1635620050,55.9667,37.8667,46.62,87,45,9.13
93,kapaa,US,1635620051,22.0752,-159.319,76.19,98,2,2.82
94,meulaboh,ID,1635620051,4.1363,96.1285,75.6,90,100,4.14
95,birjand,IR,1635619958,32.8663,59.2211,57.58,29,0,2.93
96,gizo,SB,1635620051,-8.103,156.8419,82.29,76,94,7.02
97,iqaluit,CA,1635620052,63.7506,-68.5145,37.13,64,90,13
98,upernavik,GL,1635620052,72.7868,-56.1549,26.24,57,100,8.37
99,maltahohe,NA,1635620052,-24.8333,16.9833,69.24,17,0,12.1
100,pevek,RU,1635620053,69.7008,170.3133,-1.41,96,100,10.07
101,barrow,US,1635619802,71.2906,-156.7887,15.82,79,90,4.61
102,kaitangata,NZ,1635620053,-46.2817,169.8464,50.94,80,100,3
103,mahebourg,MU,1635620053,-20.4081,57.7,71.26,76,36,6.73
104,alofi,NU,1635619254,-19.0595,-169.9187,76.73,72,100,15.12
105,pisco,PE,1635620054,-13.7,-76.2167,67.01,83,14,8.66
106,kitimat,CA,1635619772,54.0524,-128.6534,37.9,29,100,5.01
107,agadez,NE,1635620054,19.75,10.25,82.31,20,94,10.78
110,sarny,UA,1635620054,51.338,26.6019,49.12,62,77,12.8
111,beloha,MG,1635620055,-25.1667,45.05,68,76,6,13.78
112,kutum,SD,1635620055,14.2,24.6667,78.48,15,2,5.19
114,cabo san lucas,MX,1635619878,22.8909,-109.9124,88.61,65,11,6.96
115,bredasdorp,ZA,1635620055,-34.5322,20.0403,60.28,92,100,5.23
116,jumla,NP,1635620056,29.2747,82.1838,43.47,78,2,3.96
117,georgetown,MY,1635619964,5.4112,100.3354,77.9,93,20,3
118,yellowknife,CA,1635619961,62.456,-114.3525,30.42,88,40,5.99
120,farmington,US,1635619922,36.7281,-108.2187,70.11,35,0,3
121,batemans bay,AU,1635620056,-35.7167,150.1833,50.09,82,6,4.34
122,nikolskoye,RU,1635620057,59.7035,30.7861,45.88,93,91,7.29
123,netarhat,IN,1635620057,23.4833,84.2667,55.78,78,46,2.04
125,bengkulu,ID,1635620057,-3.8004,102.2655,75.79,92,100,4.5
126,aurillac,FR,1635620058,44.9167,2.45,56.28,88,90,4.61
128,port macquarie,AU,1635619765,-31.4333,152.9167,57.09,94,40,6.91
129,east london,ZA,1635620058,-33.0153,27.9116,61.74,94,20,9.22
130,ust-tsilma,RU,1635619929,65.441,52.1498,22.26,97,100,4.5
131,nizhnyaya tavda,RU,1635620058,57.6731,66.1725,29.12,96,95,7.65
132,petropavlovka,RU,1635620059,50.6114,105.3196,30.27,76,99,2.86
133,avarua,CK,1635620059,-21.2078,-159.775,75.25,64,20,12.66
134,hilo,US,1635619938,19.7297,-155.09,78.24,68,1,6.91
135,beruwala,LK,1635620059,6.4788,79.9828,76.68,91,90,3.67
136,banchory,GB,1635620060,57.0517,-2.4882,46.49,99,0,5.97
137,castro,BR,1635619824,-24.7911,-50.0119,70.02,78,51,7.99
138,yulara,AU,1635620060,-25.2406,130.9889,62.02,63,100,8.52
139,arman,RU,1635620061,59.7,150.1667,22.12,58,100,11.27
140,saint george,US,1635619863,37.1041,-113.5841,77.47,37,9,2.42
141,lagoa,PT,1635619526,39.05,-27.9833,70.03,90,100,24.23
142,torbay,CA,1635620061,47.6666,-52.7314,52.57,58,20,6.91
143,laguna,US,1635619774,38.421,-121.4238,72.07,76,1,4
144,high level,CA,1635620061,58.5169,-117.136,35.08,50,0,5.79
145,te anau,NZ,1635619807,-45.4167,167.7167,46.33,94,100,6.35
146,tudela,ES,1635620062,42.0617,-1.6045,64.27,77,100,4.94
147,san cristobal,VE,1635619861,7.7669,-72.225,77.18,88,98,3.85
148,salalah,OM,1635620062,17.0151,54.0924,79.72,71,0,9.93
149,christchurch,NZ,1635619794,-43.5333,172.6333,61.92,44,0,4
150,turukhansk,RU,1635620063,65.8167,87.9833,16.14,92,100,11.45
151,ponta do sol,PT,1635620063,32.6667,-17.1,75.83,77,36,7.56
152,viedma,AR,1635620063,-40.8135,-62.9967,59.18,47,61,26.24
155,vardo,NO,1635620064,70.3705,31.1107,39.34,76,92,7.58
156,talnakh,RU,1635620064,69.4865,88.3972,15.93,96,100,4.12
157,kangaatsiaq,GL,1635620064,68.3065,-53.4641,31.21,81,100,15.61
158,longkou,CN,1635620065,37.6508,120.3286,57.97,76,99,4.92
159,tura,IN,1635620065,25.5198,90.2201,64.56,68,0,2.62
160,rock springs,US,1635620065,41.5875,-109.2029,55.24,48,100,4
161,healesville,AU,1635620065,-37.65,145.5167,47.52,99,16,1.05
162,kampong thum,KH,1635620066,12.7111,104.8887,74.34,96,89,4.79
163,lata,PT,1635620066,40.1629,-8.3327,63.91,97,100,3.49
164,saint-philippe,RE,1635620066,-21.3585,55.7679,71.19,81,100,2.62
165,port hardy,CA,1635620067,50.6996,-127.4199,42.8,59,66,5.59
166,tacna,PE,1635620067,-18.0056,-70.2483,68.2,56,0,12.66
167,puerto del rosario,ES,1635620067,28.5004,-13.8627,71.35,73,0,10.36
168,los llanos de aridane,ES,1635619915,28.6585,-17.9182,67.75,83,20,4.61
169,marawi,PH,1635620068,7.9986,124.2928,66.65,95,33,0.36
170,yanam,IN,1635620068,16.7333,82.2167,77.43,89,99,3.71
171,sao filipe,CV,1635620068,14.8961,-24.4956,80.08,73,54,11.95
172,carnarvon,AU,1635620069,-24.8667,113.6333,68.07,64,0,14.97
173,carauari,BR,1635620069,-4.8828,-66.8958,86.65,65,100,1.01
174,una,IN,1635620069,20.8167,71.0333,75.34,44,73,9.89
175,ribeira grande,PT,1635620070,38.5167,-28.7,70.2,88,75,21.85
176,puerto plata,DO,1635620070,19.7934,-70.6884,93.04,59,20,18.41
177,carutapera,BR,1635620070,-1.195,-46.02,83.23,72,33,5.73
178,tiksi,RU,1635620071,71.6872,128.8694,-1.89,96,99,7.29
179,berlevag,NO,1635620071,70.8578,29.0864,38.1,75,92,3.31
180,puerto carreno,CO,1635620071,6.189,-67.4859,87.13,63,100,3.78
181,lao cai,VN,1635620072,22.4833,103.95,67.95,97,100,1.07
183,bethel,US,1635620072,41.3712,-73.414,63.9,93,92,1.99
185,sumbe,AO,1635620072,-11.2061,13.8437,75.65,84,100,11.39
186,touros,BR,1635619938,-5.1989,-35.4608,86.9,68,40,17.98
187,angoche,MZ,1635620073,-16.2325,39.9086,75.54,70,7,9.93
188,bardiyah,LY,1635620073,31.7561,25.0865,71.44,67,2,6.44
190,pirajui,BR,1635620074,-21.9986,-49.4572,89.2,29,84,1.39
192,mbandaka,CD,1635620074,0.0487,18.2603,77.47,78,93,0.65
193,saint anthony,US,1635620074,45.0205,-93.218,58.14,67,20,1.99
194,vila velha,BR,1635620074,-20.3297,-40.2925,71.92,93,100,4.72
196,west wendover,US,1635620075,40.7391,-114.0733,58.14,44,100,2.8
197,miles city,US,1635619791,46.4083,-105.8406,43.52,81,90,17.27
199,la rioja,ES,1635619840,42.25,-2.5,55.04,76,100,5.55
200,zhanaozen,KZ,1635620075,43.3,52.8,47.59,59,0,2.93
201,husavik,IS,1635619516,66.0449,-17.3389,39.11,92,100,14.9
202,chuy,UY,1635620076,-33.6971,-53.4616,71.29,74,90,14.5
203,inhambane,MZ,1635620076,-23.865,35.3833,71.58,78,0,11.99
204,poum,NC,1635620076,-20.2333,164.0167,74.73,74,34,5.06
205,khasan,RU,1635619589,42.4308,130.6434,49.03,77,11,5.7
206,treinta y tres,UY,1635620077,-33.2333,-54.3833,74.28,77,100,7.61
207,phangnga,TH,1635620077,8.4509,98.5298,75.24,92,100,1.07
209,russell,US,1635620077,32.3502,-85.1999,60.12,74,90,11.5
210,warrington,GB,1635620078,53.3925,-2.5802,50.86,84,20,11.5
211,provideniya,RU,1635620078,64.3833,-173.3,12.29,84,82,10.8
212,atbasar,KZ,1635620078,51.8,68.3333,37.83,80,100,22.01
213,joshimath,IN,1635620079,30.5667,79.5667,50.18,30,0,6.42
214,grand gaube,MU,1635620079,-20.0064,57.6608,71.38,83,8,7.49
215,saint-joseph,RE,1635620080,-21.3667,55.6167,70.18,80,100,2.57
216,krutinka,RU,1635620080,56.0055,71.5113,27.73,95,100,12.84
218,muhororo,UG,1635620080,0.9381,30.7594,61.25,98,100,3.15
220,yakeshi,CN,1635620081,49.2833,120.7333,24.24,48,0,3.83
221,bambous virieux,MU,1635620081,-20.3428,57.7575,71.22,76,53,7.96
222,severo-kurilsk,RU,1635620038,50.6789,156.125,39.69,82,49,10.87
223,danshui,CN,1635620081,22.7984,114.4672,75.02,82,70,2.8
224,victoria,HK,1635619787,22.2855,114.1577,75.33,83,95,1.99
225,yatou,CN,1635620082,37.15,122.3833,56.52,87,38,4.43
226,vao,NC,1635620082,-22.6667,167.4833,70.79,73,1,4.45
227,ust-nera,RU,1635620083,64.5667,143.2,-11.38,99,95,1.81
228,jamestown,US,1635619929,42.097,-79.2353,55.09,90,100,3
229,codrington,AU,1635619974,-38.2667,141.9667,40.93,94,3,7.92
230,namuac,PH,1635620083,18.6109,121.1657,77.47,79,97,11.1
231,belyy yar,RU,1635620083,53.6039,91.3903,39.09,70,0,15.66
232,tuatapere,NZ,1635620084,-46.1333,167.6833,50.58,82,99,10.07
233,yazman,PK,1635620084,29.1212,71.7446,73.72,18,0,3.09
234,mandalgovi,MN,1635620084,45.7625,106.2708,28.72,77,19,7.23
235,mataram,ID,1635620085,-8.5833,116.1167,77.81,85,100,4.65
238,aswan,EG,1635620085,24.0934,32.907,90.7,22,0,8.05
240,najran,SA,1635620086,17.4924,44.1277,67.35,45,5,3.98
241,eureka,US,1635619974,40.8021,-124.1637,66.74,95,76,3
242,bakuriani,GE,1635620086,41.7497,43.5325,37.06,90,49,7.9
243,korla,CN,1635620086,41.7597,86.1469,50.07,31,79,2.42
244,saint-marc-des-carrieres,CA,1635620087,46.6834,-72.0491,48.47,75,100,11.45
245,cavalcante,BR,1635619994,-13.7975,-47.4583,74.77,70,99,2.01
246,moose factory,CA,1635620087,51.2585,-80.6094,44.58,87,90,8.05
247,esperance,AU,1635620087,-33.8667,121.9,53.44,71,3,15.28
248,nadvoitsy,RU,1635620088,63.8667,34.3167,42.62,94,99,9.84
249,tuktoyaktuk,CA,1635620088,69.4541,-133.0374,17.6,93,75,8.05
250,forssa,FI,1635620088,60.8146,23.6215,47.91,96,100,8.08
252,vrangel,RU,1635620089,42.7297,133.0839,53.02,86,100,2.71
253,faanui,PF,1635620089,-16.4833,-151.75,78.22,68,19,17.52
254,dunedin,NZ,1635619842,-45.8742,170.5036,54.01,72,11,2.21
255,roald,NO,1635620089,62.5833,6.1333,51.33,71,0,9.22
256,san andres,CO,1635620090,12.5847,-81.7006,87.82,74,40,11.5
257,dikson,RU,1635620090,73.5069,80.5464,6.94,92,100,16.93
258,naze,JP,1635620091,28.3667,129.4833,67.37,78,0,6.62
259,broome,US,1635620091,42.2506,-75.833,56.86,78,90,1.99
260,khani,GE,1635620091,41.9563,42.9566,53.17,74,5,5.99
261,san quintin,MX,1635620092,30.4833,-115.95,69.93,67,0,9.57
262,tivaouane,SN,1635620092,14.9515,-16.8129,82.74,61,100,15.14
263,dongsheng,CN,1635620092,39.8161,109.9776,31.59,50,0,10.92
264,sovetskiy,RU,1635620093,61.3614,63.5842,16.66,98,70,4.12
265,kampene,CD,1635620093,-3.6,26.6667,69.22,98,100,2.17
266,puerto ayacucho,VE,1635620093,5.6639,-67.6236,86.63,65,97,2.64
267,nikel,RU,1635620094,69.4128,30.222,19.58,91,100,2.26
268,fabiansebestyen,HU,1635620094,46.6833,20.4667,51.87,57,0,5.12
269,baijiantan,CN,1635620094,45.6333,85.1833,48.45,55,100,3.33
270,valdivia,CL,1635619940,-39.8142,-73.2459,69.89,34,13,5.35
271,sweetwater,US,1635620053,25.7634,-80.3731,84.02,61,96,1.01
272,marrakesh,MA,1635620095,31.6315,-8.0083,77.07,27,0,4.61
273,port moresby,PG,1635620095,-9.4431,147.1797,74.62,94,20,8.05
274,grindavik,IS,1635620096,63.8424,-22.4338,39.9,93,0,6.91
275,nome,US,1635620096,64.5011,-165.4064,9.9,93,67,6.87
276,fairbanks,US,1635620023,64.8378,-147.7164,39.54,83,100,3.96
277,rocha,UY,1635620097,-34.4833,-54.3333,72.07,75,100,9.78
278,yarada,IN,1635620097,17.65,83.2667,79.12,100,20,2.3
279,hermanus,ZA,1635620097,-34.4187,19.2345,61.9,83,68,9.1
280,yerbogachen,RU,1635620097,61.2767,108.0108,33.58,92,100,12.3
281,nouadhibou,MR,1635620098,20.931,-17.0347,68.4,82,1,17.58
282,skorodnoye,RU,1635620098,51.071,37.2276,46.29,81,0,4.52
283,ohaeawai,NZ,1635620098,-35.3509,173.8822,61.81,97,100,6.67
284,panjab,AF,1635620099,34.388,67.0233,33.08,30,0,4.52
285,cockburn town,TC,1635620099,21.4612,-71.1419,84.16,61,40,9.22
286,asau,RO,1635620099,46.4333,26.4,45.75,86,0,1.16
287,souillac,MU,1635620100,-20.5167,57.5167,71.37,77,24,4.27
288,gobabis,NA,1635620100,-22.45,18.9667,80.71,11,0,16.67
289,adrar,MR,1635620100,20.5022,-10.0711,84.56,13,100,9.48
290,zhucheng,CN,1635620101,35.9947,119.3975,57.27,71,6,6.55
291,qui nhon,VN,1635620102,13.7667,109.2333,75.85,90,18,6.11
292,kartuzy,PL,1635620103,54.3342,18.1974,49.78,68,0,10.36
293,constitucion,CL,1635620104,-35.3333,-72.4167,64.81,62,100,14.41
296,quimper,FR,1635620104,48,-4.1,56.61,87,0,6.91
297,tahoua,NE,1635620105,14.8888,5.2692,89.53,11,0,8.68
298,trincomalee,LK,1635619891,8.5711,81.2335,80.64,82,100,9.44
299,bukama,CD,1635620106,-9.2,25.85,71.19,91,100,3.09
300,lorengau,PG,1635620106,-2.0226,147.2712,81.73,78,71,6.89
301,kijang,KR,1635620106,35.2442,129.2139,51.53,68,0,4.85
302,drayton valley,CA,1635620107,53.2168,-114.9854,32.92,28,0,10.65
303,rafaela,AR,1635620107,-31.2503,-61.4867,98.01,23,0,4
306,vuktyl,RU,1635620108,63.8567,57.3094,12.13,98,63,1.19
308,kearney,US,1635620108,40.6995,-99.0815,66.76,48,1,15.01
309,dinskaya,RU,1635620108,45.2178,39.2283,48.15,69,0,13.02
310,asyut,EG,1635620108,27.181,31.1837,82.58,28,100,13.67
311,butaritari,KI,1635620109,3.0707,172.7902,82.27,71,33,5.88
312,staroshcherbinovskaya,RU,1635620109,46.6311,38.6742,47.95,63,0,11.27
313,crisan,RO,1635620109,44.9667,29.4667,46.99,79,0,3.22
314,port lincoln,AU,1635620110,-34.7333,135.8667,52.48,72,0,8.05
315,makakilo city,US,1635620110,21.3469,-158.0858,79.61,74,1,0
316,eskil,TR,1635620110,38.4017,33.4131,52.52,54,92,4.83
317,bumba,CD,1635620111,2.1833,22.4667,72.03,86,100,3.67
318,honiara,SB,1635620111,-9.4333,159.95,77.52,87,61,5.84
319,bereda,ES,1635620111,43.2686,-7.5406,62.01,91,90,3.56
320,komsomolskiy,UZ,1635619970,40.4272,71.7189,49.8,46,100,1.19
321,mehamn,NO,1635620112,71.0357,27.8492,37.65,78,94,2.71
322,yinchuan,CN,1635620112,38.4681,106.2731,44.67,37,0,6.42
323,chernyshevskiy,RU,1635620112,63.0128,112.4714,26.47,96,100,8.66
324,itoman,JP,1635620113,26.1247,127.6694,73.42,68,40,6.91
325,faya,SA,1635620113,18.3851,42.4509,64.92,38,1,9.1
326,sitka,US,1635620113,57.0531,-135.33,42.73,91,100,5.97
328,teyateyaneng,LS,1635620114,-29.1472,27.7489,54.95,47,0,4.72
329,lebedinyy,RU,1635620114,58.5167,125.5167,10.72,75,92,11.23
330,port elizabeth,ZA,1635619990,-33.918,25.5701,61.11,93,5,3.58
331,comodoro rivadavia,AR,1635619930,-45.8667,-67.5,51.66,52,25,11.16
332,barabinsk,RU,1635620115,55.3571,78.357,29.12,47,100,9.91
333,kavaratti,IN,1635620115,10.5669,72.642,81.95,73,100,3.13
334,barcelos,PT,1635620115,41.5388,-8.6151,64.08,93,100,6.11
335,sorong,ID,1635620116,-0.8833,131.25,78.08,87,84,5.23
336,havre-saint-pierre,CA,1635619616,50.2334,-63.5986,54.19,56,96,2.84
337,santa vitoria,BR,1635620116,-18.8386,-50.1214,84.87,48,72,6.31
338,oktyabrskoye,RU,1635620117,43.0645,44.7417,39.34,93,0,8.95
340,zima,RU,1635620117,53.9202,102.0442,30.02,86,65,2.26
341,karratha,AU,1635620117,-20.7377,116.8463,72.84,69,0,8.86
342,carmen,MX,1635619883,18.6333,-91.8333,81.82,49,6,9.98
343,andenes,NO,1635620118,69.3143,16.1194,40.98,93,100,10.36
344,kendari,ID,1635620118,-3.945,122.4989,74.3,94,100,2.59
345,nizhniy kuranakh,RU,1635620118,58.8353,125.4869,13.28,81,94,3.38
346,biak,ID,1635620118,-0.9131,122.8766,75.99,86,100,3.96
347,byron bay,AU,1635619887,-28.65,153.6167,67.95,89,100,13.02
348,port-gentil,GA,1635620119,-0.7193,8.7815,80.56,83,40,16.11
349,klaksvik,FO,1635620119,62.2266,-6.589,47.32,93,100,6.13
350,great falls,US,1635619902,47.5002,-111.3008,31.66,87,90,1.01
351,ayr,GB,1635620120,55.4627,-4.6339,48.51,87,40,8.05
352,nuuk,GL,1635620120,64.1835,-51.7216,36.88,74,90,31
353,prince rupert,CA,1635620120,54.3161,-130.3201,46.09,71,97,14.97
354,harper,LR,1635620120,4.375,-7.7169,78.28,84,100,5.37
355,xuddur,SO,1635620121,4.1213,43.8894,78.96,42,85,8.79
356,verkhoyansk,RU,1635620121,67.5447,133.385,-13.38,100,53,2.75
357,khatanga,RU,1635620121,71.9667,102.5,-5.06,100,45,3.22
359,sankanan,PH,1635620122,8.3156,124.8581,67.14,94,72,3.24
360,lokosovo,RU,1635620122,61.1333,74.8167,9.95,97,51,4.54
362,rolandia,BR,1635620122,-23.3097,-51.3692,85.91,63,97,4.41
363,peremyshlyany,UA,1635620123,49.6652,24.5585,48.52,61,10,11.63
364,hirado,JP,1635620123,33.3597,129.5531,61.36,74,0,10.27
365,taltal,CL,1635620123,-25.4,-70.4833,67.17,60,22,5.14
366,shiyan,CN,1635620124,32.6475,110.7781,58.03,78,100,2.08
367,havelock,US,1635620124,34.8791,-76.9013,67.98,64,87,5.99
368,teya,RU,1635620124,60.3778,92.6267,18.36,81,100,11.7
370,toamasina,MG,1635620125,-18.1667,49.3833,71.6,88,40,2.3
371,port keats,AU,1635620125,-14.25,129.55,82.6,76,73,6.49
372,ancud,CL,1635620125,-41.8697,-73.8203,60.33,46,0,2.17
373,seoul,KR,1635619862,37.5683,126.9778,53.04,93,20,1.14
374,santa cruz de la palma,ES,1635620126,28.6835,-17.7642,71.74,68,20,4.61
375,aranos,NA,1635620126,-24.1333,19.1167,77.45,15,0,11.86
376,chokurdakh,RU,1635620126,70.6333,147.9167,-1.59,98,100,5.5
378,ocampo,MX,1635620127,21.65,-101.5,72.28,24,6,4.85
379,itacoatiara,BR,1635620127,-3.1431,-58.4442,96.01,35,57,3.6
380,palauig,PH,1635620127,15.435,119.9045,79.3,76,0,3.89
381,pitimbu,BR,1635620033,-7.4706,-34.8086,84.79,64,0,15.1
382,port-cartier,CA,1635620128,50.0334,-66.8654,50.22,48,51,4.92
383,nemuro,JP,1635620128,43.3236,145.575,48.7,75,54,12.59
384,royan,FR,1635620129,45.6285,-1.0281,58.98,83,92,8.34
385,bintulu,MY,1635620129,3.1667,113.0333,77.41,94,40,3
386,ada,US,1635620129,43.4166,-116.1262,54.09,76,90,3.44
387,coquimbo,CL,1635619996,-29.9533,-71.3436,62.33,72,20,16.11
388,jalingo,NG,1635620130,8.8833,11.3667,82.15,54,85,3.71
389,egvekinot,RU,1635620130,66.3167,-179.1667,-0.83,88,100,9.93
391,aksu,CN,1635620130,41.1231,80.2644,45.41,51,6,1.07
392,lebu,CL,1635620131,-37.6167,-73.65,55.56,68,100,16.67
393,poya,NC,1635620131,-21.35,165.15,71.15,81,4,2.59
394,raga,SS,1635619794,8.4596,25.678,79.59,57,91,4.94
395,bandarbeyla,SO,1635620131,9.4942,50.8122,79.16,77,82,12.01
396,kaseda,JP,1635620132,31.4167,130.3167,64.81,86,67,11.16
397,soyo,AO,1635620132,-6.1349,12.3689,77.77,85,97,10.98
398,tecoanapa,MX,1635619900,16.5167,-98.75,84.78,67,49,8.21
399,tsaratanana,MG,1635620132,-16.7833,47.65,75.94,63,5,4.88
400,saskylakh,RU,1635620133,71.9167,114.0833,8.29,93,100,10.67
401,sagua de tanamo,CU,1635620133,20.5819,-75.2414,88.56,54,85,1.9
402,ilovlya,RU,1635620133,49.3033,43.9796,38.5,65,5,2.86
403,borogontsy,RU,1635620134,62.6683,131.1683,-7.01,100,89,2.37
404,ulladulla,AU,1635620135,-35.35,150.4667,49.1,76,6,4.38
405,acapulco,MX,1635619880,16.8634,-99.8901,84.74,69,8,6.33
407,jalu,LY,1635620136,29.0331,21.5482,72,35,0,8.03
408,hit,IQ,1635620137,33.6416,42.8251,79.47,41,100,9.8
409,cerrito,CO,1635620053,6.8432,-72.694,56.59,92,96,3.8
410,cienfuegos,CU,1635620137,22.1461,-80.4356,84.96,49,97,12.3
413,muros,ES,1635620138,42.7762,-9.0603,64.24,89,99,15.73
414,nadym,RU,1635620138,65.5333,72.5167,9.93,92,100,18.52
415,takhatgarh,IN,1635620138,25.3333,73,71.71,30,25,3.71
416,auki,SB,1635620139,-8.7676,160.7034,77.18,88,100,3.76
417,fort saint james,CA,1635620139,54.4333,-124.25,35.69,52,39,1.36
418,ulaanbaatar,MN,1635620139,47.9077,106.8832,26.42,80,5,4.7
421,kloulklubed,PW,1635620140,7.0419,134.2556,77.5,78,100,16.78
423,huarmey,PE,1635620140,-10.0681,-78.1522,68.56,74,76,8.21
424,taksimo,RU,1635620140,56.3444,114.8794,20.86,66,100,1.1
425,krasnovishersk,RU,1635620141,60.4078,57.082,27.52,98,99,1.81
426,bonthe,SL,1635620141,7.5264,-12.505,75.76,89,100,5.73
427,ipatovo,RU,1635620141,45.7181,42.9036,43.92,73,0,9.48
428,sulangan,PH,1635620142,11.1373,123.7228,83.28,72,69,23.09
429,primero de marzo,PY,1635620142,-25.153,-56.928,84.11,86,100,3.76
430,cao bang,VN,1635620142,22.6667,106.25,64.13,98,100,0.81
431,jacareacanga,BR,1635620143,-6.2222,-57.7528,88.95,52,83,0.27
432,abbotsford,CA,1635620143,49.058,-122.2526,53.47,63,1,5.01
433,sistranda,NO,1635620143,63.7256,8.834,49.89,82,100,18.66
434,bilma,NE,1635620144,18.6853,12.9164,84.79,19,10,15.03
435,merauke,ID,1635620144,-8.4667,140.3333,79.38,83,100,7.4
436,puerto narino,CO,1635620144,-3.7703,-70.3831,82.42,71,97,4.63
437,mezen,RU,1635620145,65.8522,44.24,30.6,97,100,3.96
438,amazar,RU,1635620145,53.858,120.875,20.41,62,25,2.08
439,narsaq,GL,1635620145,60.9167,-46.05,27.72,71,77,3.96
440,areosa,PT,1635620145,41.7178,-8.8571,64.33,93,100,9.71
441,general roca,AR,1635620146,-39.0333,-67.5833,72,19,100,17.02
442,conceicao do araguaia,BR,1635620146,-8.2578,-49.2647,91.49,39,42,7.65
443,grand bank,CA,1635620146,47.0999,-55.765,51.15,52,0,1.01
444,villaviciosa,ES,1635620147,43.4813,-5.4357,64.4,86,100,5.26
445,narasannapeta,IN,1635620147,18.4167,84.05,76.68,84,26,5.12
446,kamalasai,TH,1635620147,16.3384,103.5756,73.17,89,13,6.46
447,walvis bay,NA,1635619977,-22.9575,14.5053,59.09,86,3,5.73
448,hasaki,JP,1635619975,35.7333,140.8333,52.2,60,99,6.26
449,skeldon,GY,1635620148,5.8833,-57.1333,83.44,71,73,6.53
450,samarinda,ID,1635620148,-0.5,117.15,72.93,98,98,1.19
451,sambava,MG,1635620149,-14.2667,50.1667,74.82,87,46,8.7
453,kampong chhnang,KH,1635620149,12.1667,104.55,76.01,91,69,3.27
454,gerash,IR,1635619977,27.6652,54.1371,72.7,28,97,4.03
455,bonnyville,CA,1635620149,54.2668,-110.735,34.43,40,2,13
456,maymyo,MM,1635620150,22.0333,96.4667,63.32,95,8,0.58
457,fortuna,US,1635620150,40.5982,-124.1573,66.47,75,75,1.01
458,taoudenni,ML,1635620150,22.6783,-3.9836,88.03,24,1,3.44
459,chabahar,IR,1635620151,25.2919,60.643,81.27,54,1,4.52
460,arlit,NE,1635620151,18.7369,7.3853,88.14,15,83,17.13
462,sterling,US,1635619902,39.0062,-77.4286,62.91,77,75,8.99
463,marinette,US,1635620151,45.1,-87.6307,59.31,62,75,10.36
464,hun,LY,1635620152,29.1268,15.9477,73.11,29,100,7.36
465,lerwick,GB,1635620152,60.1545,-1.1494,48.2,91,100,12.59
466,hithadhoo,MV,1635620153,-0.6,73.0833,82.98,74,100,18.21
467,volcan,PA,1635620153,8.7667,-82.6333,68.11,97,100,2.37
468,dali,CN,1635620153,25.7,100.1833,53.46,90,17,3.69
469,tekeli,KZ,1635620154,44.83,78.8239,37.35,83,73,5.23
470,hobyo,SO,1635620154,5.3505,48.5268,80.62,70,4,14.36
471,bayonne,FR,1635620137,43.3333,-1.4167,63.09,94,75,2.3
472,mangrol,IN,1635620155,21.1167,70.1167,77.31,48,58,5.64
473,nimaparha,IN,1635620155,20.0667,86.0167,75.6,79,100,2.66
474,vostok,RU,1635620155,46.4856,135.8833,33.15,80,100,2.42
475,boyolangu,ID,1635620155,-8.1181,111.8935,76.57,91,100,0.81
476,visby,SE,1635620156,57.6409,18.296,46.94,100,90,11.5
477,meadow lake,US,1635620156,34.8014,-106.5436,75.97,25,0,5.55
478,grand-santi,GF,1635620156,4.25,-54.3833,83.95,70,99,3.11
479,kilindoni,TZ,1635620157,-7.9139,39.6668,79.16,78,27,8.12
480,abbeville,FR,1635620157,50.1,1.8333,53.49,85,100,10.49
481,baykit,RU,1635619595,61.67,96.37,17.91,87,99,10
482,harindanga,IN,1635620157,22.0383,88.3214,78.78,68,100,4.5
483,cunha,BR,1635620158,-23.0744,-44.9597,74.62,93,100,6.06
484,hambantota,LK,1635620158,6.1241,81.1185,75.54,100,40,1.14
485,bemidji,US,1635619885,47.4736,-94.8803,55.9,75,40,12.66
486,papara,BR,1635620159,-3.9839,-38.7273,86.72,49,44,6.15
487,kapit,MY,1635620159,2.0167,112.9333,74.86,98,100,0.74
488,batticaloa,LK,1635620159,7.7102,81.6924,78.98,86,100,5.77
489,darnah,LY,1635620107,32.767,22.6367,69.94,68,92,6.13
490,dudinka,RU,1635620160,69.4058,86.1778,12.07,96,100,5.08
491,nancha,CN,1635620160,47.1333,129.2667,29.61,46,58,3.98
492,bogande,BF,1635620160,12.9714,-0.1436,91.15,15,5,8.57
494,coahuayana,MX,1635620161,18.7333,-103.6833,88.63,58,3,5.41
495,ippy,CF,1635620161,6.2679,21.2247,73.44,84,100,1.97
496,trairi,BR,1635620068,-3.2778,-39.2689,83.75,64,27,11.3
497,seydisehir,TR,1635620162,37.4193,31.8453,50.58,71,82,2.8
498,moree,AU,1635620162,-29.4667,149.85,53.87,60,0,8.68
499,fare,PF,1635620163,-16.7,-151.0167,78.33,67,3,16.44
500,la dorada,CO,1635619877,5.4478,-74.6631,79.84,82,100,2.35
501,miri,MY,1635620163,4.4148,114.0089,77.14,94,40,4.61
502,morro bay,US,1635620163,35.3658,-120.8499,73.58,81,100,6.02
503,richards bay,ZA,1635620164,-28.783,32.0377,64.74,80,100,10.11
504,sobolevo,RU,1635620164,54.4299,31.8996,44.64,79,9,9.66
505,tautira,PF,1635620164,-17.7333,-149.15,80.62,76,58,16.26
506,atar,MR,1635620165,20.5169,-13.0499,88.02,23,100,5.86
507,lastoursville,GA,1635620165,-0.8143,12.7287,73.15,96,100,0.94
508,boundiali,CI,1635620165,9.5217,-6.4869,79.99,63,93,2.89
509,pitmoaga,BF,1635620166,12.2397,-1.8767,89.06,25,39,6.69
510,illapel,CL,1635620166,-31.6308,-71.1653,81.32,35,54,9.93
511,magistralnyy,RU,1635620166,56.1725,107.4458,31.21,62,100,4.97
512,valentin gomez farias,MX,1635620167,28.2167,-106.5833,75.31,16,0,5.17
513,aitape,PG,1635620167,-3.1374,142.3475,78.93,86,13,3.29
514,tombouctou,ML,1635620167,20,-3,88.75,19,17,10.29
515,ballina,AU,1635619893,-28.8667,153.5667,66.24,95,90,12.66
516,nizwa,OM,1635620168,22.9333,57.5333,77.83,31,0,2.17
517,flinders,AU,1635620168,-34.5833,150.8552,54.81,81,0,1.01
518,kramat,ID,1635620168,-8.1311,113.4499,75.6,92,49,1.59
519,thunder bay,CA,1635619888,48.4001,-89.3168,50.99,88,90,3.44
520,ekibastuz,KZ,1635619596,51.6667,75.3667,38.19,68,100,17.16
521,malanje,AO,1635620169,-9.5402,16.341,67.17,95,100,5.3
522,pinawa,CA,1635620169,50.1489,-95.8811,44.8,72,90,11.79
523,eatonton,US,1635620169,33.3268,-83.3885,61,80,100,10.16
524,hay river,CA,1635620043,60.8156,-115.7999,30.18,86,16,11.5
525,lae,PG,1635620170,-6.7221,146.9847,75.33,82,99,6.17
526,sant feliu de guixols,ES,1635619996,41.7833,3.0333,69.13,65,100,3.94
527,nishihara,JP,1635620170,26.1842,127.7558,72.68,68,40,6.91
528,honningsvag,NO,1635620170,70.9821,25.9704,42.26,59,100,4.9
529,pontal do parana,BR,1635620171,-25.6533,-48.5128,80.26,94,87,6.4
530,tongling,CN,1635620171,30.95,117.7833,58.96,64,99,2.62
531,zvenigovo,RU,1635620171,55.9742,48.0181,47.35,90,100,6.78
532,ingham,US,1635620172,42.6,-84.3833,52.95,85,90,6.91
533,praia,CV,1635620172,14.9215,-23.5087,78.85,79,88,15.97
534,odweyne,SO,1635620172,9.4092,45.064,72.55,61,2,11.43
535,poykovskiy,RU,1635620173,61.2333,73.3333,7.09,100,0,4.47
536,saint-francois,FR,1635620173,46.4154,3.9054,57.67,88,40,6.91
537,nikolsk,RU,1635620173,53.7189,46.0712,43.05,96,35,10.22
538,shumikha,RU,1635620174,55.2261,63.2961,37.45,93,100,17.25
539,francisco beltrao,BR,1635620174,-26.0811,-53.055,79.11,61,100,0.4
541,ahipara,NZ,1635620174,-35.1667,173.1667,61.86,96,100,9.13
542,galveston,US,1635620175,29.3669,-94.9669,76.21,33,0,1.99
543,hirara,JP,1635619876,24.8,125.2833,75.56,74,37,12.68
544,solotcha,RU,1635620175,54.7917,39.8442,45.93,90,99,8.1
545,dhidhdhoo,MV,1635620175,6.8833,73.1,79.79,82,93,5.5
546,altay,CN,1635620176,47.8667,88.1167,37.58,64,100,5.57
547,alamogordo,US,1635620176,32.8995,-105.9603,82.4,21,1,0
548,cayenne,GF,1635620176,4.9333,-52.3333,87.84,74,75,5.01
549,maniitsoq,GL,1635620177,65.4167,-52.9,36.27,90,100,30.8
550,huilong,CN,1635620105,31.8111,121.655,62.04,80,59,4.45
551,gladstone,AU,1635620177,-23.85,151.25,75.13,83,40,2.3
552,samarai,PG,1635620177,-10.6167,150.6667,81.9,80,97,12.41
554,ilhabela,BR,1635619885,-23.7781,-45.3581,70.18,92,92,11.81
555,lakatoro,VU,1635620178,-16.0999,167.4164,78.67,76,0,6.82
556,barabai,ID,1635620178,-2.5833,115.3833,73.17,96,95,1.19
557,koidu,SL,1635620179,8.4167,-10.8333,72.81,95,69,0.49
558,shetpe,KZ,1635619901,44.1667,52.1167,48.16,74,0,2.93
559,boden,SE,1635620179,65.8252,21.6886,42.8,100,100,4.23
561,ketchikan,US,1635619903,55.3422,-131.6461,42.35,91,100,3.71
562,hervey bay,AU,1635620179,-25.2986,152.8535,76.03,84,99,7.05
563,ayabe,JP,1635620180,35.3,135.25,63.12,84,100,2.51
564,langxiang,CN,1635620180,46.95,128.8833,30.25,46,100,3.4
565,jaru,BR,1635620038,-10.4389,-62.4664,87.01,55,98,4.03
566,igrim,RU,1635620180,63.1906,64.4162,17.58,69,27,1.9
567,celestun,MX,1635620181,20.8667,-90.4,79.88,52,47,10.11
568,sheboygan,US,1635620050,43.7333,-87.9334,59.34,72,75,7
569,santa maria,BR,1635619883,-29.6842,-53.8069,87.1,48,0,10.36
570,porbandar,IN,1635620181,21.6422,69.6093,78.08,39,13,8.16
571,shelburne,CA,1635620181,44.0787,-80.2041,45.75,99,100,8.97
572,qaqortoq,GL,1635620182,60.7167,-46.0333,29.86,76,32,3.56
573,vaike-maarja,EE,1635620182,59.1264,26.25,44.11,88,100,8.43
574,khomeyn,IR,1635620183,33.6423,50.0789,54.55,57,89,3.76
575,pechenga,RU,1635620183,69.5259,31.1703,20.26,91,100,3.89
576,manacapuru,BR,1635620183,-3.2997,-60.6206,91.98,48,99,0.92
577,acajutla,SV,1635620183,13.5928,-89.8275,83.71,69,96,7.4
578,gedo,ET,1635620184,9.0167,37.45,47.97,49,7,4.88
579,zhuhai,CN,1635620184,22.2769,113.5678,75.06,83,40,13.8
580,road town,VG,1635620184,18.4167,-64.6167,87.84,62,40,8.05
581,klyuchi,RU,1635620185,52.2667,79.1667,37.63,75,100,11.77
582,beyneu,KZ,1635620185,45.3167,55.2,50.95,64,7,3.18
583,brindisi,IT,1635620185,40.5833,17.6667,61.77,68,0,2.86
584,pierre,US,1635620186,44.3683,-100.351,55.06,64,98,4
585,itarema,BR,1635620186,-2.9248,-39.9167,84.56,63,54,14.43
586,zyryanka,RU,1635620186,65.75,150.85,1.22,94,100,8.93
587,sakakah,SA,1635620187,29.9697,40.2064,77.81,23,100,7.99
589,varna,BG,1635620187,43.2167,27.9167,51.44,80,75,5.75
590,emba,KZ,1635620187,48.8264,58.1442,41.9,81,15,8.84
591,sao paulo de olivenca,BR,1635620188,-3.3783,-68.8725,87.87,64,95,2.17
592,shieli,KZ,1635620188,44.1667,66.75,44.46,37,65,7.65
593,marolambo,MG,1635620188,-20.05,48.1167,66.67,97,100,1.25
594,flin flon,CA,1635620189,54.7682,-101.865,39.04,60,90,9.22
595,kantabanji,IN,1635620189,20.4833,82.9167,71.71,78,96,2.1
596,kulhudhuffushi,MV,1635620189,6.6221,73.07,79.99,82,100,7.72
597,ejido,VE,1635620190,8.5514,-71.2375,72.19,90,100,3.47
598,gland,CH,1635620190,46.4208,6.2701,58.91,93,99,5.28
599,sao joao da barra,BR,1635620190,-21.6403,-41.0511,73.49,87,100,12.64
600,shenzhen,CN,1635619937,22.5455,114.0683,75.22,91,60,4.45
601,lompoc,US,1635620190,34.6391,-120.4579,77.13,85,90,6.91
602,dzhebariki-khaya,RU,1635620191,62.2167,135.8,-2.79,100,100,1.01
603,alberton,CA,1635620191,46.8168,-64.0654,51.71,68,3,6.17
604,sinnamary,GF,1635620191,5.3833,-52.95,84.02,68,17,7.07
605,henties bay,NA,1635620192,-22.116,14.2845,58.86,88,0,5.5
606,chulym,RU,1635620192,55.0997,80.9572,26.62,51,100,9.4
607,san ignacio,BZ,1635620192,17.1561,-89.0714,85.77,44,96,4.52
608,vestmannaeyjar,IS,1635620193,63.4427,-20.2734,44.29,77,54,4.63
609,orlik,RU,1635620193,52.5178,99.825,27.14,67,100,3.76
610,columbia,US,1635619939,34.0007,-81.0348,63.21,69,75,1.99
611,zacualtipan,MX,1635620193,20.65,-98.6,69.67,49,21,5.48
612,gat,IL,1635620194,31.61,34.7642,73.4,62,48,4.18
613,dicabisagan,PH,1635620194,17.0818,122.4157,76.93,81,100,7.45
